[lstChamp],****************************************************,,,,,,,,,,,,,,,,,,,,,,,,,,,
id,lib,,,,,,,,,,,,,,,,,,,,,,,,,,,
nomProjet,Nom du projet,,,,,,,,,,,,,,,,,,,,,,,,,,,
departement,Département,,,,,,,,,,,,,,,,,,,,,,,,,,,
libTypo,Voulez-vous générer automatiquement les caractéristiques du bâtiment ou les saisir de manière détaillée? ,,,,,,,,,,,,,,,,,,,,,,,,,,,
genTypo,Génération automatique,,,,,,,,,,,,,,,,,,,,,,,,,,,
typoBat,Typologie du bâtiment,,,,,,,,,,,,,,,,,,,,,,,,,,,
choixEner,Energie choisie,,,,,,,,,,,,,,,,,,,,,,,,,,,
zoneClim,Zone climatique,,,,,,,,,,,,,,,,,,,,,,,,,,,
typeBat,Type de logement,,,,,,,,,,,,,,,,,,,,,,,,,,,
anneeConstr,Année de construction,,,,,,,,,,,,,,,,,,,,,,,,,,,
nbNiveau,Nombre de niveaux,,,,,,,,,,,,,,,,,,,,,,,,,,,
combleHabit,Combles habités,,,,,,,,,,,,,,,,,,,,,,,,,,,
surface,Surface habitable (m²),,,,,,,,,,,,,,,,,,,,,,,,,,,
mitoyen,Mitoyenneté,,,,,,,,,,,,,,,,,,,,,,,,,,,
nbLogement,Nombre de logements,,,,,,,,,,,,,,,,,,,,,,,,,,,
formeBat,Forme du bâtiment,,,,,,,,,,,,,,,,,,,,,,,,,,,
orientationBat,Orientation principale  des baies vitrées du bâtiment,,,,,,,,,,,,,,,,,,,,,,,,,,,
hautSousPlaf,Hauteur sous plafond,,,,,,,,,,,,,,,,,,,,,,,,,,,
surfMur,Surface murs extérieurs avec menuiseries,,,,,,,,,,,,,,,,,,,,,,,,,,,
surfMenuiserie,Surface menuiseries,,,,,,,,,,,,,,,,,,,,,,,,,,,
surfPlancherHaut,Surface plancher haut,,,,,,,,,,,,,,,,,,,,,,,,,,,
surfPlancherBas,Surface plancher bas,,,,,,,,,,,,,,,,,,,,,,,,,,,
permeaInit,Perméabilité à l’air initiale,,,,,,,,,,,,,,,,,,,,,,,,,,,
permeaFin,Perméabilité à l’air finale,,,,,,,,,,,,,,,,,,,,,,,,,,,
altitude,Altitude,,,,,,,,,,,,,,,,,,,,,,,,,,,
description,Description,,,,,,,,,,,,,,,,,,,,,,,,,,,
resTypeIsoMur,Principe d'isolation,,,,,,,,,,,,,,,,,,,,,,,,,,,
resCaracIsoMur,Catégorie d'isolant,,,,,,,,,,,,,,,,,,,,,,,,,,,
resRevetExtMur,Revêtement extérieur,,,,,,,,,,,,,,,,,,,,,,,,,,,
resRevetIntMur,Revêtement intérieur,,,,,,,,,,,,,,,,,,,,,,,,,,,
resRecomMur,Recommandations,,,,,,,,,,,,,,,,,,,,,,,,,,,
resRevetExPlancherHaut,Revêtement extérieur,,,,,,,,,,,,,,,,,,,,,,,,,,,
resTypeIsoPlancherHaut,Méthode d’isolation,,,,,,,,,,,,,,,,,,,,,,,,,,,
resCaracIsoPlancherHaut,Catégorie d'isolant,,,,,,,,,,,,,,,,,,,,,,,,,,,
resRevetIntPlancherHaut,Revêtement intérieur,,,,,,,,,,,,,,,,,,,,,,,,,,,
resRecomPlancherHaut,Recommandations,,,,,,,,,,,,,,,,,,,,,,,,,,,
resTypeIsoPlancherBas,Méthode d’isolation,,,,,,,,,,,,,,,,,,,,,,,,,,,
resCaracIsoPlancherBas,Type d’isolant,,,,,,,,,,,,,,,,,,,,,,,,,,,
resRecomPlancherBas,Recommandations,,,,,,,,,,,,,,,,,,,,,,,,,,,
chauffageCollectif,Type de chauffage,,,,,,,,,,,,,,,,,,,,,,,,,,,
resTypeProd,Type de production,,,,,,,,,,,,,,,,,,,,,,,,,,,
resEmetteurChauffage,Type d'émetteurs,,,,,,,,,,,,,,,,,,,,,,,,,,,
resRegulChauffage,Régulation,,,,,,,,,,,,,,,,,,,,,,,,,,,
resRecomChauffage,Recommandations,,,,,,,,,,,,,,,,,,,,,,,,,,,
resTypeProdEcs,Type de production,,,,,,,,,,,,,,,,,,,,,,,,,,,
resRecomEcs,Recommandations,,,,,,,,,,,,,,,,,,,,,,,,,,,
resTypeVentilation,Type de ventilation,,,,,,,,,,,,,,,,,,,,,,,,,,,
resRecomVentilation,Recommandations,,,,,,,,,,,,,,,,,,,,,,,,,,,
fenetreDeToit,Type de menuiserie,,,,,,,,,,,,,,,,,,,,,,,,,,,
resTypePoseMenuiserie,Type de pose,,,,,,,,,,,,,,,,,,,,,,,,,,,
resRecomMenuiserie,Recommandations,,,,,,,,,,,,,,,,,,,,,,,,,,,
perfMin,Performances Minimum,,,,,,,,,,,,,,,,,,,,,,,,,,,
[lstLot],****************************************************,,,,,,,,,,,,,,,,,,,,,,,,,,,
id,lib,,,,,,,,,,,,,,,,,,,,,,,,,,,
mur,Mur,,,,,,,,,,,,,,,,,,,,,,,,,,,
plancherHaut,Plancher Haut,,,,,,,,,,,,,,,,,,,,,,,,,,,
chauffage,Chauffage,,,,,,,,,,,,,,,,,,,,,,,,,,,
ecs,Eau Chaude Sanitaire,,,,,,,,,,,,,,,,,,,,,,,,,,,
plancherBas,Plancher Bas,,,,,,,,,,,,,,,,,,,,,,,,,,,
menuiserie,Menuiseries,,,,,,,,,,,,,,,,,,,,,,,,,,,
ventilation,Ventilation,,,,,,,,,,,,,,,,,,,,,,,,,,,
[remarqueSolution],****************************************************,,,,,,,,,,,,,,,,,,,,,,,,,,,
id,lib,,,,,,,,,,,,,,,,,,,,,,,,,,,
expertise,Non traité dans cet outil - besoin de validation d'un expert,,,,,,,,,,,,,,,,,,,,,,,,,,,
nonPrioritaire,Non prioritaire : les performances de cet élément sont suffisantes,,,,,,,,,,,,,,,,,,,,,,,,,,,
sansSolution,Aucune solution compatible trouvée,,,,,,,,,,,,,,,,,,,,,,,,,,,
nonTraite,Cet élément ne sera pas traité/modifié,,,,,,,,,,,,,,,,,,,,,,,,,,,
conformeB2C2,1ère étape conforme aux critères du BBC par étapes,,,,,,,,,,,,,,,,,,,,,,,,,,,
conformeVentil,"La ventilation doit être traitée en première étape. En effet, le risque de pathologie est très important si on rénove l’enveloppe sans s’assurer d’un bon renouvellement d’air.",,,,,,,,,,,,,,,,,,,,,,,,,,,
conformeEnvelop,"Pour éviter les impasses technico économiques, il est nécessaire de prioriser l’enveloppe à la première étape de travaux (murs, planchers hauts, planchers bas ou menuiseries).",,,,,,,,,,,,,,,,,,,,,,,,,,,
conformeGain40Cep,La consommation d’énergie primaire doit baisser de 40% dès la première étape de travaux.,,,,,,,,,,,,,,,,,,,,,,,,,,,
conformeEtiquetteC,L’étiquette du DPE doit atteindre au minimum la classe C dès la première étape de travaux.,,,,,,,,,,,,,,,,,,,,,,,,,,,
conformeTroisEtapesMax,Les travaux doivent être planifiés en trois étapes au maximum.,,,,,,,,,,,,,,,,,,,,,,,,,,,
conforme100pctPosteTravaux,"Deux lots enveloppe  (murs, planchers hauts, planchers bas ou menuiseries) doivent être traités sur la totalité de la surface concernée par le poste de travaux ",,,,,,,,,,,,,,,,,,,,,,,,,,,
conformePerfEnv,Deux lots enveloppes traités en totalité doivent respecter les conditions minimales de performance de l’enveloppe du bâtiment.,,,,,,,,,,,,,,,,,,,,,,,,,,,
conformePerfEnvInconnue,Vérifier que les deux lots enveloppes traités en totalité respectent les conditions minimales de performance de l’enveloppe du bâtiment.,,,,,,,,,,,,,,,,,,,,,,,,,,,
conformePerfToitTerrasse,"Si la toiture terrasse est accessible, la résistance de l’isolant doit être au moins égale à 6,5 m².K/W.<br>Si la toiture terrasse n’est pas accessible, la résistance de l’isolant doit être au moins égale à 7,5 m².K/W",,,,,,,,,,,,,,,,,,,,,,,,,,,
conformeEtiquetteAouB,L’étiquette du DPE doit atteindre la classe A ou B après la dernière étape de travaux.,,,,,,,,,,,,,,,,,,,,,,,,,,,
conformeUbat,Le Ubat doit être inférieur ou égal au Ubat Base après la dernière étape de travaux.,,,,,,,,,,,,,,,,,,,,,,,,,,,
permeaPremEtape,Un test d'étanchéité à l'air du bâtiment doit être réalisé à la fin de la première étape de travaux. Aucun seuil n'est à atteindre pour ce test. ,,,,,,,,,,,,,,,,,,,,,,,,,,,
permeaDernEtape,"Un test de perméabilité à l'air du bâtiment devra avoir lieu à l'achèvement de la dernière étape de travaux et vérifier l'atteinte d'un Q4 Pa-surf ≤ 1,20 m3/h.m².",,,,,,,,,,,,,,,,,,,,,,,,,,,
protectionSolaireDernEtape,"Il est exigé la présence de protections solaires extérieures sur les baies vitrées des pièces de vie et des locaux à sommeil, si aucune protection solaire extérieure n’est déjà installée. Les baies vitrées doivent par ailleurs respecter les exigences de l’article 24 de <a href=""https://www.legifrance.gouv.fr/jorf/id/JORFTEXT000043936431"">l’arrêté du 4 août 2021.</a>",,,,,,,,,,,,,,,,,,,,,,,,,,,
ventilationPremEtape,"Pour la ventilation, <a href=""https://www.legifrance.gouv.fr/jorf/id/JORFTEXT000048193328"">l'arrêté du 3 octobre 2023</a> définit les exigences à respecter en son article 2, paragraphe 1°f). ",,,,,,,,,,,,,,,,,,,,,,,,,,,
chauffagePremEtape,"Pour le chauffage, <a href=""https://www.legifrance.gouv.fr/jorf/id/JORFTEXT000048193328"">l'arrêté du 3 octobre 2023</a> définit qu'il est interdit d’installer un nouveau système de chauffage qui inclut un ou plusieurs équipements pour lesquels le niveau d’émissions de gaz à effet de serre de chacun est supérieur à 150 gCO2eq/kWh PCI et dont le taux de couverture, tel que défini dans l'arrêté, est supérieur à 30 %.",,,,,,,,,,,,,,,,,,,,,,,,,,,
chauffageAutreEtape,"Pour le chauffage, <a href=""https://www.legifrance.gouv.fr/jorf/id/JORFTEXT000048193328"">l'arrêté du 3 octobre 2023</a> définit les exigences à respecter en son article 2, paragraphe 1°g).",,,,,,,,,,,,,,,,,,,,,,,,,,,
calorifugeageResaux,"Calorifugeage des réseaux hydrauliques selon <a href=""https://www.legifrance.gouv.fr/jorf/id/JORFTEXT000048193328"">l'arrêté du 3 octobre 2023</a> article 2, paragraphe 1° h). La classe 4 répond à cette exigence.",,,,,,,,,,,,,,,,,,,,,,,,,,,
regulationChaudFroid,"Mise en place d’une régulation pour le chauffage ou le refroidissement selon <a href=""https://www.legifrance.gouv.fr/jorf/id/JORFTEXT000048193328"">l'arrêté du 3 octobre 2023</a> article 2, paragraphe 1° i).",,,,,,,,,,,,,,,,,,,,,,,,,,,
nonPreconise,Impossible de trouver de correspondance.,,,,,,,,,,,,,,,,,,,,,,,,,,,
erreurSaisie,Erreur de saisie.,,,,,,,,,,,,,,,,,,,,,,,,,,,
solutionNonRecommandee,La solution choisie ne fait pas partie des solutions proposées par l’outil ‘BBC par étapes’,,,,,,,,,,,,,,,,,,,,,,,,,,,
[interactions],****************************************************,,,,,,,,,,,,,,,,,,,,,,,,,,,
id,lib,,,,,,,,,,,,,,,,,,,,,,,,,,,
risqNiv1,Solution envisageable par étapes,,,,,,,,,,,,,,,,,,,,,,,,,,,
risqNiv2,Une anticipation dès la première étape de travaux est nécessaire,,,,,,,,,,,,,,,,,,,,,,,,,,,
risqNiv3,La réalisation en deux étapes de travaux peut empêcher d'atteindre la performance requise à terme,,,,,,,,,,,,,,,,,,,,,,,,,,,
[typeIsoMur],"****************************************************
*     M U R S
****************************************************",,,,,,,,,,,,,,,,,,,,,,,,,,,
id,lib,coefPT,,,,,,,,,,,,,,,,,,,,,,,,,,
non,Non isolé,1,,,,,,,,,,,,,,,,,,,,,,,,,,
iti,Isolation Thermique par l’Intérieur,"1,3",,,,,,,,,,,,,,,,,,,,,,,,,,
ite,Isolation Thermique par l’Extérieur,"0,95",,,,,,,,,,,,,,,,,,,,,,,,,,
repartie,Isolation répartie,1,,,,,,,,,,,,,,,,,,,,,,,,,,
[strucMur],****************************************************,,,,,,,,,,,,,,,,,,,,,,,,,,,
id,lib,uMur,rEnduit,,,,,,,,,,,,,,,,,,,,,,,,,
betonCreux,Bloc de béton creux,"2,8",,,,,,,,,,,,,,,,,,,,,,,,,,
betonCreuxIsol,Bloc de béton creux isolant,"0,6",,,,,,,,,,,,,,,,,,,,,,,,,,
bois,"Bois (madrier, rondin)","1,6",,,,,,,,,,,,,,,,,,,,,,,,,,
beton,Béton,"2,9",,,,,,,,,,,,,,,,,,,,,,,,,,
piere,"Pierre, moellon","3,2","0,7",,,,,,,,,,,,,,,,,,,,,,,,,
brique,Brique pleine,"3,9","0,7",,,,,,,,,,,,,,,,,,,,,,,,,
briqueCreux,Brique creuse,"2,15",,,,,,,,,,,,,,,,,,,,,,,,,,
briqueIsol,Brique isolante,1,,,,,,,,,,,,,,,,,,,,,,,,,,
ossatureBois,Ossature bois,"0,45",,,,,,,,,,,,,,,,,,,,,,,,,,
terreCrue,Terre crue,"1,75","0,7",,,,,,,,,,,,,,,,,,,,,,,,,
metal,Structure métallique,3,,,,,,,,,,,,,,,,,,,,,,,,,,
betonMachefer,Béton mâchefer,"2,75",,,,,,,,,,,,,,,,,,,,,,,,,,
betonCellulaire,Béton cellulaire,"0,9",,,,,,,,,,,,,,,,,,,,,,,,,,
panBois,Pan de bois,3,"0,7",,,,,,,,,,,,,,,,,,,,,,,,,
[perfMurInit],****************************************************,,,,,,,,,,,,,,,,,,,,,,,,,,,
id,lib,cVal,,,,,,,,,,,,,,,,,,,,,,,,,,
rInf1,R ≤ 1 m².K/W,"0,5",,,,,,,,,,,,,,,,,,,,,,,,,,
rSup1,R > 1 m².K/W,1,,,,,,,,,,,,,,,,,,,,,,,,,,
rSup2_4,"R > 2,4 m².K/W","2,4",,,,,,,,,,,,,,,,,,,,,,,,,,
rSup3_7,"R > 3,7 m².K/W","3,7",,,,,,,,,,,,,,,,,,,,,,,,,,
rSup5,R > 5 m².K/W,5,,,,,,,,,,,,,,,,,,,,,,,,,,
customVal,Saisir la valeur,R = # m².K/W,,,,,,,,,,,,,,,,,,,,,,,,,,
[perfMurFinal],****************************************************,,,,,,,,,,,,,,,,,,,,,,,,,,,
id,lib,cVal,,,,,,,,,,,,,,,,,,,,,,,,,,
defaut,Résistance par défaut,defaut,,,,,,,,,,,,,,,,,,,,,,,,,,
customVal,Saisir la valeur,R = # m².K/W,,,,,,,,,,,,,,,,,,,,,,,,,,
[resTypeIsoMur],****************************************************,,,,,,,,,,,,,,,,,,,,,,,,,,,
id,lib,coefPT,,,,,,,,,,,,,,,,,,,,,,,,,,
iti,Isolation Thermique par l’Intérieur,"0,4",,,,,,,,,,,,,,,,,,,,,,,,,,
fvp,avec frein vapeur,,,,,,,,,,,,,,,,,,,,,,,,,,,
hygro,hygroréglable,,,,,,,,,,,,,,,,,,,,,,,,,,,
fortSd,à fort Sd (Sd > 18m),,,,,,,,,,,,,,,,,,,,,,,,,,,
ite,Isolation Thermique par l’Extérieur,"0,05",,,,,,,,,,,,,,,,,,,,,,,,,,
[resCaracIsoMur],****************************************************,,,,,,,,,,,,,,,,,,,,,,,,,,,
id,lib,,,,,,,,,,,,,,,,,,,,,,,,,,,
isoPermea,Isolant perméable à la vapeur d'eau,,,,,,,,,,,,,,,,,,,,,,,,,,,
toutType,Tout type d'isolant,,,,,,,,,,,,,,,,,,,,,,,,,,,
isoPermeaParfoisCapillaire,"Isolant perméable à la vapeur d'eau, capillaire dans certains cas",,,,,,,,,,,,,,,,,,,,,,,,,,,
isoPermeaParfoisFibreux,"Isolant perméable à la vapeur d'eau, fibreux dans certains cas",,,,,,,,,,,,,,,,,,,,,,,,,,,
isoPermeaPreferenceCapillaire,"Isolant perméable à la vapeur d'eau, de préférence capillaire",,,,,,,,,,,,,,,,,,,,,,,,,,,
isoPermeaFibreux,Isolant perméable à la vapeur d'eau fibreux,,,,,,,,,,,,,,,,,,,,,,,,,,,
[resRevetExtMur],****************************************************,,,,,,,,,,,,,,,,,,,,,,,,,,,
id,lib,,,,,,,,,,,,,,,,,,,,,,,,,,,
initial,Revêtement extérieur initial,,,,,,,,,,,,,,,,,,,,,,,,,,,
toutType,Tout type de revêtement,,,,,,,,,,,,,,,,,,,,,,,,,,,
ouvertVapeur,Revêtement extérieur ouvert à la vapeur d'eau (enduit avec Sd<2m),,,,,,,,,,,,,,,,,,,,,,,,,,,
nuOuChaux,Nu ou enduit chaux,,,,,,,,,,,,,,,,,,,,,,,,,,,
expert,Revêtement extérieur à valider avec un expert,,,,,,,,,,,,,,,,,,,,,,,,,,,
sans,Sans revêtement,,,,,,,,,,,,,,,,,,,,,,,,,,,
chaux,Enduit chaux,,,,,,,,,,,,,,,,,,,,,,,,,,,
[resRecomMur],****************************************************,,,,,,,,,,,,,,,,,,,,,,,,,,,
id,lib,,,,,,,,,,,,,,,,,,,,,,,,,,,
deposeDoublage,Vérifiez que le devis inclue la dépose du doublage initial,,,,,,,,,,,,,,,,,,,,,,,,,,,
doublageColleProscrit,Assurez-vous que l’entreprise ne propose pas de doublage collé,,,,,,,,,,,,,,,,,,,,,,,,,,,
possibConservIti,Il est possible de conserver le doublage intérieur,,,,,,,,,,,,,,,,,,,,,,,,,,,
resExt2xSupInt,Assurez-vous que la résistance thermique installée sur le côté extérieur soit au moins 2 fois supérieure à celle côté intérieur pour éviter tout risque de condensation dans l'isolant,,,,,,,,,,,,,,,,,,,,,,,,,,,
piquetage,Vérifiez que le devis inclue le piquetage de l'isolant initial,,,,,,,,,,,,,,,,,,,,,,,,,,,
permeaNonAssuree,"Vérifiez que l’entreprise traite bien l'étanchéité à l'air : Il est nécessaire de traiter l'étanchéité à l'air du bâti avant la mise en œuvre de l'isolation (traversées de réseaux, fissures & grilles de ventilation)",,,,,,,,,,,,,,,,,,,,,,,,,,,
deposeIte,Vérifiez que le devis inclue la dépose de l'isolant initial si nécessaire,,,,,,,,,,,,,,,,,,,,,,,,,,,
adapterFctPierre,La solution proposée est à adapter en fonction du type de pierres et de joints,,,,,,,,,,,,,,,,,,,,,,,,,,,
expert,"Ce type de paroi présente des risques accrus de pathologie en cas de mauvaise préconisation. Le type d'isolant, de pare vapeur et de revêtement extérieur doit être validé par un expert",,,,,,,,,,,,,,,,,,,,,,,,,,,
traitementHydrofuge,Un traitement hydrofuge de la façade intérieure peut être nécessaire pour protéger la brique des infiltrations d'eau et d'humidité,,,,,,,,,,,,,,,,,,,,,,,,,,,
isoLimitPontIti,"Vérifiez que le devis propose un procédé d’isolation limitant les ponts thermiques intégrés, avec une pose en :<br>
- Contre-cloisons et panneaux ou rouleaux entre ossature bois en double couche<br>
- Contre-cloisons et panneaux ou rouleaux d’isolant sur ossature métallique fixée mécaniquement avec appuis intermédiaires clipsés synthétiques<br>",,,,,,,,,,,,,,,,,,,,,,,,,,,
isoLimitPontIte,"Vérifiez que le devis propose un procédé d’isolation limitant les ponts thermiques intégrés, avec : <br>
- L’utilisation de clous synthétiques pour les cas
d’enduit sur isolant<br>
- Pour les systèmes d’isolation par l’extérieur de type bardage rapporté sur ossature bois ou métallique, vérifiez que l’entreprise prévoie une augmentation de 20% de la résistance thermique installée en partie courante pour compenser les ponts thermiques<br>",,,,,,,,,,,,,,,,,,,,,,,,,,,
[partSurfMurInt],****************************************************,,,,,,,,,,,,,,,,,,,,,,,,,,,
>=surf,<surf,partSurf,,,,,,,,,,,,,,,,,,,,,,,,,,
0,30,"0,4",,,,,,,,,,,,,,,,,,,,,,,,,,
30,40,"0,35",,,,,,,,,,,,,,,,,,,,,,,,,,
40,50,"0,3",,,,,,,,,,,,,,,,,,,,,,,,,,
50,70,"0,25",,,,,,,,,,,,,,,,,,,,,,,,,,
70,100,"0,2",,,,,,,,,,,,,,,,,,,,,,,,,,
100,150,"0,15",,,,,,,,,,,,,,,,,,,,,,,,,,
150,*,"0,1",,,,,,,,,,,,,,,,,,,,,,,,,,
[contactPlancherHaut],"****************************************************
*    P L A N C H E R   H A U T
****************************************************",,,,,,,,,,,,,,,,,,,,,,,,,,,
id,lib,b,,,,,,,,,,,,,,,,,,,,,,,,,,
comblePerdu,Combles perdus,"0,8",,,,,,,,,,,,,,,,,,,,,,,,,,
toitTerrasse,Toiture terrasse,1,,,,,,,,,,,,,,,,,,,,,,,,,,
rampant,Rampants,1,,,,,,,,,,,,,,,,,,,,,,,,,,
[structurePlancherHaut],****************************************************,,,,,,,,,,,,,,,,,,,,,,,,,,,
id,lib,u,,,,,,,,,,,,,,,,,,,,,,,,,,
entrevoutBeton,Entrevous béton,"2,5",,,,,,,,,,,,,,,,,,,,,,,,,,
entrevoutBriqueCreux,Entrevous brique creuse,"2,5",,,,,,,,,,,,,,,,,,,,,,,,,,
dalleBeton,Dalle en béton,"2,5",,,,,,,,,,,,,,,,,,,,,,,,,,
solivageBois,Solivage bois,2,,,,,,,,,,,,,,,,,,,,,,,,,,
fermette,Fermette,2,,,,,,,,,,,,,,,,,,,,,,,,,,
charpTradi,Charpente traditionnelle,2,,,,,,,,,,,,,,,,,,,,,,,,,,
structMetal,Structure métallique,2,,,,,,,,,,,,,,,,,,,,,,,,,,
[perfPlancherHautInit],****************************************************,,,,,,,,,,,,,,,,,,,,,,,,,,,
id,lib,cVal,,,,,,,,,,,,,,,,,,,,,,,,,,
rInf1,R ≤ 1 m².K/W,"0,5",,,,,,,,,,,,,,,,,,,,,,,,,,
rSup1,R > 1 m².K/W,2,,,,,,,,,,,,,,,,,,,,,,,,,,
rSup4,R > 4 m².K/W,4,,,,,,,,,,,,,,,,,,,,,,,,,,
rSup7,R > 7 m².K/W,7,,,,,,,,,,,,,,,,,,,,,,,,,,
rSup9,R > 9 m².K/W,9,,,,,,,,,,,,,,,,,,,,,,,,,,
customVal,Saisir la valeur,R = # m².K/W,,,,,,,,,,,,,,,,,,,,,,,,,,
[perfPlancherHautFinal],****************************************************,,,,,,,,,,,,,,,,,,,,,,,,,,,
id,lib,cVal,,,,,,,,,,,,,,,,,,,,,,,,,,
defaut,Résistance par défaut,defaut,,,,,,,,,,,,,,,,,,,,,,,,,,
customVal,Saisir la valeur,R = # m².K/W,,,,,,,,,,,,,,,,,,,,,,,,,,
[resRevetExPlancherHaut],****************************************************,,,,,,,,,,,,,,,,,,,,,,,,,,,
id,lib,,,,,,,,,,,,,,,,,,,,,,,,,,,
sousToitHpv,Sous-toiture avec écran HPV,,,,,,,,,,,,,,,,,,,,,,,,,,,
panContrevFibrBoisParePluie,Panneau de contreventement en fibre de bois destination pare pluie,,,,,,,,,,,,,,,,,,,,,,,,,,,
sousToitSansEcran,Sous-toiture Sans écran,,,,,,,,,,,,,,,,,,,,,,,,,,,
sousToitNonHpv,Sous-toiture avec écran non HPV,,,,,,,,,,,,,,,,,,,,,,,,,,,
plancherInitial,Plancher initial ,,,,,,,,,,,,,,,,,,,,,,,,,,,
etancheite,Etanchéité,,,,,,,,,,,,,,,,,,,,,,,,,,,
[resTypeIsoPlancherHaut],****************************************************,,,,,,,,,,,,,,,,,,,,,,,,,,,
id,lib,k_PT_ITI,k_PT_ITE,CommentairesPourInfo,,,,,,,,,,,,,,,,,,,,,,,,
isoCombles,Isolation des combles,"0,04","0,6",combles perdus,,,,,,,,,,,,,,,,,,,,,,,,
sarking,Sarking,"0,5","0,05",rampant,,,,,,,,,,,,,,,,,,,,,,,,
rampantsInt,Rampants intérieurs,"0,05","0,5",rampants,,,,,,,,,,,,,,,,,,,,,,,,
isoSurface,Isolation uniquement en surface,"0,5","0,05",toit terrasse,,,,,,,,,,,,,,,,,,,,,,,,
isoSurfaceEtSous,Isolation en surface et sous face,"0,05","0,5",toit terrasse,,,,,,,,,,,,,,,,,,,,,,,,
SurEtEntreChevr,Isolation sur et entre chevrons,,,info secondaire,,,,,,,,,,,,,,,,,,,,,,,,
SousEtEntreChevr,Isolation sous et entre chevrons,,,info secondaire,,,,,,,,,,,,,,,,,,,,,,,,
[resCaracIsoPlancherHaut],****************************************************,,,,,,,,,,,,,,,,,,,,,,,,,,,
id,lib,,,,,,,,,,,,,,,,,,,,,,,,,,,
permeablePvSd18,Isolant perméable à la vapeur d'eau avec PV SD>18,,,,,,,,,,,,,,,,,,,,,,,,,,,
vracRouleau,Isolant en vrac ou en rouleau,,,,,,,,,,,,,,,,,,,,,,,,,,,
dtaPv,Isolant avec PV avec DTA compatible en toiture terrasse,,,,,,,,,,,,,,,,,,,,,,,,,,,
ldbPv,Isolant en laine de bois avec PV ,,,,,,,,,,,,,,,,,,,,,,,,,,,
[resRevetIntPlancherHaut],****************************************************,,,,,,,,,,,,,,,,,,,,,,,,,,,
id,lib,,,,,,,,,,,,,,,,,,,,,,,,,,,
initial,Revêtement initial,,,,,,,,,,,,,,,,,,,,,,,,,,,
tout,Tout revêtement intérieur,,,,,,,,,,,,,,,,,,,,,,,,,,,
[resRecomPlancherHaut],****************************************************,,,,,,,,,,,,,,,,,,,,,,,,,,,
id,lib,,,,,,,,,,,,,,,,,,,,,,,,,,,
deposeIsol,Assurez-vous que l'entreprise prévoie la dépose de l'isolant initial,,,,,,,,,,,,,,,,,,,,,,,,,,,
deposeIsolSelonEtat,"Assurez-vous que l'entreprise prévoie la dépose de l'isolant initial selon l'état (vétusté, humidité, pose)",,,,,,,,,,,,,,,,,,,,,,,,,,,
poseCroisee,Pose en couche croisée. Présence d'une lame d'air entre l'isolant et l'écran (au moins 3 cm),,,,,,,,,,,,,,,,,,,,,,,,,,,
permeaTraiteAvMo,"L'étanchéité à l'air doit être traitée avant la mise en oeuvre de l'isolation, soit par une membrane d'étanchéité soit par le traitement du parement intérieur existant (fissures, pénétrations…)",,,,,,,,,,,,,,,,,,,,,,,,,,,
verifPvp,Vérification de la nécessité de pare vapeur décrite dans les textes de mise en œuvre,,,,,,,,,,,,,,,,,,,,,,,,,,,
permeaMembrane,Traitement de l'étanchéité à l'air avec membrane d'étanchéité,,,,,,,,,,,,,,,,,,,,,,,,,,,
lameAir,Vérifiez que l'entreprise prévoie la pose d'une membrane d'étanchéité,,,,,,,,,,,,,,,,,,,,,,,,,,,
poseQuiconce,Vérifiez que l'entreprise prévoie de laisser une lame d'air entre l'isolant et l'écran d'au moins 3cm,,,,,,,,,,,,,,,,,,,,,,,,,,,
repart1_3_2_3,Pose en quinconce,,,,,,,,,,,,,,,,,,,,,,,,,,,
expert,Assurez-vous que la résistance thermique installée sur le côté extérieur soit au moins 2 fois supérieure à celle côté intérieur pour éviter tout risque de condensation dans l'isolant,,,,,,,,,,,,,,,,,,,,,,,,,,,
[typePlancherBas],"****************************************************
*    P L A N C H E R   B A S
****************************************************",Ce type de structure nécessite la validation d'un expert avant tout type d'isolation ,,,,,,,,,,,,,,,,,,,,,,,,,,
id,lib,b,k_PT_ITI,k_PT_ITE,,,,,,,,,,,,,,,,,,,,,,,,
videSanAcc,Sur vide sanitaire accessible,"0,8","0,07","0,43",,,,,,,,,,,,,,,,,,,,,,,,
videSanNonAcc,Sur vide sanitaire non accessible,"0,8","0,07","0,43",,,,,,,,,,,,,,,,,,,,,,,,
terrePlein,Sur terre plein,"0,15","0,05","0,05",,,,,,,,,,,,,,,,,,,,,,,,
localNonChauffe,Sur local non chauffe,"0,8","0,23","0,5",,,,,,,,,,,,,,,,,,,,,,,,
sousSol,Sur sous-sol,"0,8","0,23","0,5",,,,,,,,,,,,,,,,,,,,,,,,
exterieur,Sur extérieur,"0,8","0,23","0,5",,,,,,,,,,,,,,,,,,,,,,,,
[structurePlancherBas],****************************************************,,,,,,,,,,,,,,,,,,,,,,,,,,,
id,lib,u,,,,,,,,,,,,,,,,,,,,,,,,,,
poutrEntrBeton,Plancher à poutrelles / entrevous béton,2,,,,,,,,,,,,,,,,,,,,,,,,,,
poutrEntrCeram,Plancher à poutrelles / entrevous céramique creux,2,,,,,,,,,,,,,,,,,,,,,,,,,,
poutrEntrPolys,Plancher à poutrelles / entrevous polystyrène,2,,,,,,,,,,,,,,,,,,,,,,,,,,
poutrEntrSynth,Plancher à poutrelles / entrevous synthétique,2,,,,,,,,,,,,,,,,,,,,,,,,,,
voutain,Voûtain brique ou pierre,"0,8",,,,,,,,,,,,,,,,,,,,,,,,,,
dalleBeton,Dalle béton,2,,,,,,,,,,,,,,,,,,,,,,,,,,
ossatureBois,Ossature bois,"1,6",,,,,,,,,,,,,,,,,,,,,,,,,,
plancherBois,Plancher bois,"1,1",,,,,,,,,,,,,,,,,,,,,,,,,,
[perfPlancherBasInit],****************************************************,,,,,,,,,,,,,,,,,,,,,,,,,,,
id,lib,cVal,,,,,,,,,,,,,,,,,,,,,,,,,,
r0,Sans isolant,0,,,,,,,,,,,,,,,,,,,,,,,,,,
rInf1,R ≤ 1 m².K/W,"0,5",,,,,,,,,,,,,,,,,,,,,,,,,,
rSup1,R > 1 m².K/W,"1,65",,,,,,,,,,,,,,,,,,,,,,,,,,
rSup2_3,"R > 2,3 m².K/W","2,65",,,,,,,,,,,,,,,,,,,,,,,,,,
rSup3,R > 3 m².K/W,3,,,,,,,,,,,,,,,,,,,,,,,,,,
rSup4_5,R > 4.5 m².K/W,"4,5",,,,,,,,,,,,,,,,,,,,,,,,,,
customVal,Saisir la valeur,R = # m².K/W,,,,,,,,,,,,,,,,,,,,,,,,,,
[perfPlancherBasFinal],****************************************************,,,,,,,,,,,,,,,,,,,,,,,,,,,
id,lib,cVal,,,,,,,,,,,,,,,,,,,,,,,,,,
defaut,Résistance par défaut,defaut,,,,,,,,,,,,,,,,,,,,,,,,,,
customVal,Saisir la valeur,R = # m².K/W,,,,,,,,,,,,,,,,,,,,,,,,,,
[resTypeIsoPlancherBas],****************************************************,,,,,,,,,,,,,,,,,,,,,,,,,,,
id,lib,,,,,,,,,,,,,,,,,,,,,,,,,,,
sousDalle,Isolation sous dalle,,,,,,,,,,,,,,,,,,,,,,,,,,,
surDalle,Isolation par dessus la dalle,,,,,,,,,,,,,,,,,,,,,,,,,,,
projeteRobot,Isolation projetée par robot,,,,,,,,,,,,,,,,,,,,,,,,,,,
projete,Isolation projetée,,,,,,,,,,,,,,,,,,,,,,,,,,,
panneauxSousDale,Panneaux isolants rapportés sous dalle,,,,,,,,,,,,,,,,,,,,,,,,,,,
[resCaracIsoPlancherBas],****************************************************,,,,,,,,,,,,,,,,,,,,,,,,,,,
id,lib,,,,,,,,,,,,,,,,,,,,,,,,,,,
nonSpecifie,Isolant non spécifié,,,,,,,,,,,,,,,,,,,,,,,,,,,
sousChape,Isolant sous chape,,,,,,,,,,,,,,,,,,,,,,,,,,,
plancherBois,Isolation avec structure en plancher bois,,,,,,,,,,,,,,,,,,,,,,,,,,,
laineMineraleOuPUR,Laine minérale avec liant ou PUR,,,,,,,,,,,,,,,,,,,,,,,,,,,
panneaux,Panneaux isolants,,,,,,,,,,,,,,,,,,,,,,,,,,,
[resRecomPlancherBas],****************************************************,,,,,,,,,,,,,,,,,,,,,,,,,,,
id,lib,,,,,,,,,,,,,,,,,,,,,,,,,,,
decaissement,Décaissement,,,,,,,,,,,,,,,,,,,,,,,,,,,
herisson,Création d’un hérisson,,,,,,,,,,,,,,,,,,,,,,,,,,,
pvpFortSd,Mise en oeuvre d'un pare vapeur côté chaud de l'isolant à fort SD (> 18m),,,,,,,,,,,,,,,,,,,,,,,,,,,
[protectionSolaireMenuiserie],"****************************************************
*    M E N U I S E R I E S
****************************************************",,,,,,,,,,,,,,,,,,,,,,,,,,,
id,lib,,,,,,,,,,,,,,,,,,,,,,,,,,,
voletRoulant,Volets roulants,,,,,,,,,,,,,,,,,,,,,,,,,,,
voletBattant,Volets battants,,,,,,,,,,,,,,,,,,,,,,,,,,,
autre,Autre,,,,,,,,,,,,,,,,,,,,,,,,,,,
aucun,Aucune,,,,,,,,,,,,,,,,,,,,,,,,,,,
[fenetreDeToit],****************************************************,,,,,,,,,,,,,,,,,,,,,,,,,,,
id,lib,,,,,,,,,,,,,,,,,,,,,,,,,,,
oui,Fenêtre de toit,,,,,,,,,,,,,,,,,,,,,,,,,,,
non,Menuiserie verticale,,,,,,,,,,,,,,,,,,,,,,,,,,,
[perfMenuiserieInit],****************************************************,,,,,,,,,,,,,,,,,,,,,,,,,,,
id,lib,cVal,,,,,,,,,,,,,,,,,,,,,,,,,,
sup4,Uw > 4,4,,,,,,,,,,,,,,,,,,,,,,,,,,
sup2_6,"Uw > 2,6","3,3",,,,,,,,,,,,,,,,,,,,,,,,,,
sup1_3,"Uw > 1,3","1,95",,,,,,,,,,,,,,,,,,,,,,,,,,
sup1_1,"Uw > 1,1","1,3",,,,,,,,,,,,,,,,,,,,,,,,,,
inf1_1,"Uw ≤ 1,1","1,1",,,,,,,,,,,,,,,,,,,,,,,,,,
customVal,Saisir la valeur,Uw = #,,,,,,,,,,,,,,,,,,,,,,,,,,
[perfMenuiserieFinal],****************************************************,,,,,,,,,,,,,,,,,,,,,,,,,,,
id,lib,cVal,,,,,,,,,,,,,,,,,,,,,,,,,,
defaut,Résistance par défaut,defaut,,,,,,,,,,,,,,,,,,,,,,,,,,
customVal,Saisir la valeur,Uw = #,,,,,,,,,,,,,,,,,,,,,,,,,,
[resTypePoseMenuiserie],****************************************************,,,,,,,,,,,,,,,,,,,,,,,,,,,
id,lib,k_PT_ITI,k_PT_ITE,,,,,,,,,,,,,,,,,,,,,,,,,
feuillure,Feuillure,"0,16","0,6",,,,,,,,,,,,,,,,,,,,,,,,,
tunnel,Tunnel / Tableau,"0,16","0,6",,,,,,,,,,,,,,,,,,,,,,,,,
appliqueInt,Applique Intérieure,0,"0,25",,,,,,,,,,,,,,,,,,,,,,,,,
appliqueExt,Applique Extérieure,"0,22",0,,,,,,,,,,,,,,,,,,,,,,,,,
[resRecomMenuiserie],****************************************************,,,,,,,,,,,,,,,,,,,,,,,,,,,
id,lib,,,,,,,,,,,,,,,,,,,,,,,,,,,
protectionSolaire,"L'installation de protections solaires sur les fenêtres orientées à l'Est, Ouest et Sud est fortement conseillée pour limiter les apports solaires en été et limiter la surchauffe",,,,,,,,,,,,,,,,,,,,,,,,,,,
classA4,Vérifiez que les protections solaires du devis possèdent un classement AEV (Air - Eau - Vent) traduisant du degré de résistance de la fenêtre de A*4 (résiste à des vents dépassant les 112 km/h),,,,,,,,,,,,,,,,,,,,,,,,,,,
[typeVentilation],"****************************************************
*    V E N T I L A T I O N
****************************************************",,,,,,,,,,,,,,,,,,,,,,,,,,,
id,lib,QvarepconvInd,QvarepconvCol,QvasoufconvInd,QvasoufconvCol,SmeaconvInd,SmeaconvCol,PventCol_m2,PventInd,,,,,,,,,,,,,,,,,,,
sans,Ventilation naturelle,"1,2","2,23","1,2",0,0,4,0,0,,,,,,,,,,,,,,,,,,,
auto,VMC simple flux Autoréglable,"1,65","1,65",0,0,2,2,"0,46",65,,,,,,,,,,,,,,,,,,,
hygroA,VMC Simple flux Hygro A,"1,44","1,44",0,0,2,2,"0,46",50,,,,,,,,,,,,,,,,,,,
hygroB,VMC Simple flux Hygro B,"1,24","1,24",0,0,"1,5","1,5","0,46",50,,,,,,,,,,,,,,,,,,,
doubleFlux,Ventilation double flux,"0,6","0,75","0,6","0,75",0,0,"1,1",80,,,,,,,,,,,,,,,,,,,
repartie,Ventilation mécanique répartie,"1,65","1,65",0,0,2,2,"0,19",15,,,,,,,,,,,,,,,,,,,
[chauffageDependantVentilation],****************************************************,,,,,,,,,,,,,,,,,,,,,,,,,,,
id,lib,,,,,,,,,,,,,,,,,,,,,,,,,,,
boisNonEtanche,Appareil de chauffage individuel bois non étanche,,,,,,,,,,,,,,,,,,,,,,,,,,,
gazVmc,Chaudière individuelle Gaz raccordée à VMC,,,,,,,,,,,,,,,,,,,,,,,,,,,
gazTirageNaturel,Chaudière individuelle Gaz à tirage naturel,,,,,,,,,,,,,,,,,,,,,,,,,,,
autre,Autre Système de chauffage,,,,,,,,,,,,,,,,,,,,,,,,,,,
[resTypeVentilation],****************************************************,,,,,,,,,,,,,,,,,,,,,,,,,,,
id,lib,QvarepconvInd,QvarepconvCol,QvasoufconvInd,QvasoufconvCol,SmeaconvInd,SmeaconvCol,PventCol_m2,PventInd,,,,,,,,,,,,,,,,,,,
gazAuto,Ventilation Gaz Simple flux auoréglable ,"1,32","1,32",0,0,2,2,"0,25",35,,,,,,,,,,,,,,,,,,,
gazHygroA,Ventilation Gaz Simple flux Hgro A ,"1,16","1,16",0,0,2,2,"0,25",15,,,,,,,,,,,,,,,,,,,
gazHygroB,Ventilation Gaz Simple flux Hgro B ,"1,09","1,09",0,0,"1,5","1,5","0,25",15,,,,,,,,,,,,,,,,,,,
auto,VMC Autoréglable ,"1,32","1,32",0,1,2,2,"0,25",35,,,,,,,,,,,,,,,,,,,
hygroA,VMC Hygro A,"1,16","1,16",0,0,2,2,"0,25",15,,,,,,,,,,,,,,,,,,,
hygroB,VMC Hygro B,"1,09","1,09",0,0,"1,5","1,5","0,25",15,,,,,,,,,,,,,,,,,,,
doubleFlux,Ventilation double flux ,"0,26","0,46","0,26","0,46",0,0,"0,6",35,,,,,,,,,,,,,,,,,,,
bassePression,Ventilation basse pression ,"1,24","1,24",0,0,"1,5","1,5",0,0,,,,,,,,,,,,,,,,,,,
repartie,Ventilation Mécanique Répartie,"1,32","1,32",0,0,2,2,"0,19",15,,,,,,,,,,,,,,,,,,,
naturelleAssit,Ventilation naturelle assistée ,"1,17","1,17",0,0,2,2,"0,08","5,395",,,,,,,,,,,,,,,,,,,
nonTraite,,,,,,,,,,,,,,,,,,,,,,,,,,,,
[resRecomVentilation],****************************************************,,,,,,,,,,,,,,,,,,,,,,,,,,,
id,lib,,,,,,,,,,,,,,,,,,,,,,,,,,,
controleVmc,"Si une ventilation mécanique est déjà présente à l'état existant, assurez-vous que l'entreprise contrôle son bon fonctionnement à minima à chaque étape de travaux",,,,,,,,,,,,,,,,,,,,,,,,,,,
pElecInf0_1,"Vérifiez que l'extracteur a une puissance spécifique inférieure ou égale à 0,1 WThC/m3 (basse consommation)",,,,,,,,,,,,,,,,,,,,,,,,,,,
nEchSup75,Vérifiez dans le devis que l’échangeur statique est collectif et a une efficacité supérieure ou égale à 75 %,,,,,,,,,,,,,,,,,,,,,,,,,,,
pElecInf0_12,"Lors de la mise en œuvre d’une ventilation basse pression en logements collectifs, vérifiez que la puissance électrique absorbée pondérée du caisson de ventilation soit inférieure ou égale à 0,12 WThC/(m3 /h)",,,,,,,,,,,,,,,,,,,,,,,,,,,
pSdbInf15,Vérifiez que la puissance électrique absorbée dans la salle de bain soit inférieure ou égale à 15 W,,,,,,,,,,,,,,,,,,,,,,,,,,,
pCuisInf15,Vérifiez que la puissance électrique absorbée dans la cuisine est inférieure ou égale à 15 W à débit réduit. ,,,,,,,,,,,,,,,,,,,,,,,,,,,
pSdbInf40grd,Vérifiez que la puissance électrique absorbée dans la cuisine soit inférieure ou égale à 40 W à grand débit.,,,,,,,,,,,,,,,,,,,,,,,,,,,
classeB,Assurez-vous que le caisson de ventilation soit de classe d’efficacité énergétique B ou supérieure,,,,,,,,,,,,,,,,,,,,,,,,,,,
classeA,Vérifiez dans le devis que le caisson de ventilation est de classe d’efficacité énergétique A ou supérieure,,,,,,,,,,,,,,,,,,,,,,,,,,,
nEchSup85,Vérifiez dans le devis que l’échangeur présente une efficacité thermique mesurée supérieure à 85%,,,,,,,,,,,,,,,,,,,,,,,,,,,
pElecInf15,Vérifiez que la puissance électrique absorbée par le caisson de ventilation soit inférieure ou égale à 15 WThC dans une configuration T4 avec une salle de bain et un WC,,,,,,,,,,,,,,,,,,,,,,,,,,,
chaufEtanch,Assurez-vous que le devis prévoie de changer le système de chauffage ou de rendre étanche le système de chauffage existant,,,,,,,,,,,,,,,,,,,,,,,,,,,
[ageChauffage],"****************************************************
*   C H A U F F A G E
****************************************************",,,,,,,,,,,,,,,,,,,,,,,,,,,
id,lib,,,,,,,,,,,,,,,,,,,,,,,,,,,
inf5,< 5 ans,,,,,,,,,,,,,,,,,,,,,,,,,,,
inf10,< 10 ans,,,,,,,,,,,,,,,,,,,,,,,,,,,
sup10,> 10 ans,,,,,,,,,,,,,,,,,,,,,,,,,,,
[chauffageCollectif],****************************************************,,,,,,,,,,,,,,,,,,,,,,,,,,,
id,lib,,,,,,,,,,,,,,,,,,,,,,,,,,,
oui,Chauffage collectif,,,,,,,,,,,,,,,,,,,,,,,,,,,
non,Chauffage individuel,,,,,,,,,,,,,,,,,,,,,,,,,,,
[typeProdChauffage],****************************************************,,,,,,,,,,,,,,,,,,,,,,,,,,,
id,lib,decentralise,appoint,RgChaufInd,RgChaufCol,typeEnergie,solaire,methodeECS,Qp0,RdEcsInd,RdEcsCol,COPH1H2,COPH3,Rpn,pnVeil,coutAboMI,coutAboLC_chInd,coutAboLC_chCol,,,,,,,,,,
chaudiereGazAv1990,Chaudière gaz avant 1990,non,,"0,6","0,65",gaz,non,generateurMixte,"0,015","0,83",voirTypeReseauEcs,,,"0,87",150,249+128,249+128,20+128,,,,,,,,,,
chaudiereGazCondensation,Chaudière gaz à condensation,non,,"0,83","0,85",gaz,non,generateurMixte,"0,01","0,83",voirTypeReseauEcs,,,"0,92",0,249+128,249+128,20+128,,,,,,,,,,
chaudiereGazBT,Chaudière gaz basse température,non,,"0,8","0,83",gaz,non,generateurMixte,"0,01","0,83",voirTypeReseauEcs,,,"0,89",0,249+128,249+128,20+128,,,,,,,,,,
chaudiereFioulAv1990,Chaudière fioul avant 1990,non,,"0,55","0,65",fioul,non,generateurMixte,"0,01","0,83",voirTypeReseauEcs,,,"0,87",0,0+128,0+128,0+128,,,,,,,,,,
chaudiereFioulCondensation,Chaudière fioul à condensation,non,,"0,83","0,85",fioul,non,generateurMixte,"0,01","0,83",voirTypeReseauEcs,,,"0,92",0,0+128,0+128,0+128,,,,,,,,,,
chaudiereFioulBT,Chaudière fioul basse température,non,,"0,8","0,83",fioul,non,generateurMixte,"0,01","0,83",voirTypeReseauEcs,,,"0,9",0,0+128,0+128,0+128,,,,,,,,,,
chaudiereBuche,Chaudière bûche,non,,"0,45","0,45",bois,non,generateurMixte,"0,011","0,83",voirTypeReseauEcs,,,"0,68",0,0+128,0+128,0+128,,,,,,,,,,
chaudiereGranule,Chaudière à granulés,non,,"0,55","0,55",bois,non,generateurMixte,"0,0059","0,83",voirTypeReseauEcs,,,"0,75",0,0+128,0+128,0+128,,,,,,,,,,
chaudiereElectrique,Chaudière électrique,non,,"0,8","0,83",electrique,non,generateurMixte,"0,01","0,83",voirTypeReseauEcs,,,"0,92",0,,,,,,,,,,,,,
pacAirAir,PAC Air/Air,non,,"2,2","2,2",electrique,non,x,0,"0,83","0,9",,,,,0+177,0+153,0+153,,,,,,,,,,
pacAirEau,PAC Air/Eau,non,,"2,6","2,6",electrique,non,balonThermo,0,"0,83",voirTypeReseauEcs,2,"2,3",,,0+177,0+153,0+153,,,,,,,,,,
reseauChaleur,Réseau de chaleur,non,,1,1,urbain,non,reseauCh,0,"0,83",voirTypeReseauEcs,,,,,0+128,198+128,198+128,,,,,,,,,,
pacEauEau,PAC Eau/Eau,non,,"3,2","3,2",electrique,non,balonThermo,0,"0,83",voirTypeReseauEcs,2,"2,3",,,0+177,0+153,0+153,,,,,,,,,,
insertOuvert,Insert ouvert / cheminée,oui,"radiateurElec|0,75","0,3","0,3",bois,non,x,0,"0,83","0,9",,,,,0+177,0+153,0+153,,,,,,,,,,
insertFerme,Insert fermé / poêle bois,oui,"radiateurElec|0,75","0,6","0,6",bois,non,x,0,"0,83","0,9",,,,,0+177,0+153,0+153,,,,,,,,,,
radiateurElec,Radiateur électrique,oui,,1,1,electrique,non,x,0,"0,83","0,9",,,,,0+177,0+153,0+153,,,,,,,,,,
planchChaufElec,Plancher chauffant électrique,oui,,1,1,electrique,non,x,0,"0,83","0,9",,,,,0+177,0+153,0+153,,,,,,,,,,
[typeEmmeteurChauffage],****************************************************,,,,,,,,,,,,,,,,,,,,,,,,,,,
id,lib,decentralise,Re,Rr,RdChInd,RdChCol,I0IndMoy,I0IndLourd,I0ColChInd,I0ColChCol,,,,,,,,,,,,,,,,,,
planchChauf,Plancher chauffant,non,1,"0,95","0,95","0,87","0,91","0,93","0,96","0,95",,,,,,,,,,,,,,,,,,
souflage,Soufflage air,non,"0,95","0,95","0,85","0,8","0,89","0,91","0,9","0,91",,,,,,,,,,,,,,,,,,
radiateurBT,Radiateur à eau basse température,non,"0,95","0,9","0,92","0,85","0,9","0,92","0,95","0,93",,,,,,,,,,,,,,,,,,
radiateurHT,Radiateur à eau haute température,non,"0,95","0,9","0,92","0,85","0,9","0,92","0,95","0,93",,,,,,,,,,,,,,,,,,
insertOuvert,Insert ouvert / cheminée,oui,"0,9","0,9",1,1,"0,9","0,91","0,9","0,91",,,,,,,,,,,,,,,,,,
insertFerme,Insert fermé / poêle bois,oui,"0,9","0,9",1,1,"0,9","0,91","0,9","0,91",,,,,,,,,,,,,,,,,,
radiateurElec,Radiateur électrique,oui,"0,95","0,95",1,1,"0,77","0,84","0,86","0,86",,,,,,,,,,,,,,,,,,
planchChaufElec,Plancher chauffant électrique,oui,"0,98","0,98",1,1,"0,89","0,91","0,96","0,96",,,,,,,,,,,,,,,,,,
[resTypeProd],****************************************************,,,,,,,,,,,,,,,,,,,,,,,,,,,
id,lib,decentralise,chauffageCollectif,appoint,RgChaufInd,RgChaufCol,typeEnergie,solaire,methodeECS,Qp0,RdEcsInd,RdEcsCol,COPH1H2,COPH3,Rpn,pnVeil,I0IndMoy,I0IndLourd,I0ColChInd,I0ColChCol,ReChInd,ReChCol,RrChInd,RrChCol,RdChInd,RdChCol,coutAboMI,coutAboLC
reseauChaleur,Réseau de chaleur ,non,oui,,"0,97","0,97",urbain,non,reseauCh,0,"0,83",voirTypeReseauEcs,,,,,"0,82","0,85","0,95","0,95","0,95","0,95","0,95","0,95","0,95","0,9",0+128,198+128
pacDoubleSrv,PAC Double Service ηS ≥ 111% (moyenne et haute température) ηS ≥ 126% (basse température) ,non,oui,,CopPacAirEau,CopPacAirEau,electrique,non,balonThermo,0,"0,83",voirTypeReseauEcs,"2,3","2,6",,,"0,82","0,85","0,95","0,95","0,95","0,95","0,95","0,95","0,95","0,9",0+177,0+153
chaudiereBiomasse,"Chaudière biomasse label ""Flamme verte 7"" ",non,oui,,"0,8","0,89",bois,non,generateurMixte,"0,0059","0,83","0,9",,,"0,95",0,"0,82","0,85","0,95","0,95","0,95","0,95","0,95","0,95","0,95","0,9",0+128,0+128
pacAirEau,PAC Air / Eau ηS ≥ 111% (moyenne et haute température) ηS ≥ 126% (basse température),non,oui,,CopPacAirEau,CopPacAirEau,electrique,non,balonThermo,0,"0,83",voirTypeReseauEcs,"2,3","2,6",,,"0,82","0,85","0,95","0,95","0,95","0,95","0,95","0,95","0,95","0,9",0+177,0+153
pacAirEauEcsEnr,PAC Air / Eau ηS ≥ 111% (moyenne et haute température) ηS ≥ 126% (basse température) + production ECS avec ENR ,non,oui,,CopPacAirEau,CopPacAirEau,electrique,oui,balonThermo,0,"0,83",voirTypeReseauEcs,"2,3","2,6",,,"0,82","0,85","0,95","0,95","0,95","0,95","0,95","0,95","0,95","0,9",0+177,0+153
chaudiereGazCondensationNs90Col,Chaudière gaz à condensation Collective ηS ≥ 90% ,non,oui,,"1,02","1,05",gaz,non,generateurMixte,"0,003","0,83",voirTypeReseauEcs,,,"0,97",0,"0,82","0,85","0,95","0,95","0,95","0,95","0,95","0,95","0,95","0,9",20+128,20+128
chaudiereGazCondensationNs90Ind,Chaudière gaz à condensation Individuelle ηS ≥ 90% ,non,non,,"1,02","1,02",gaz,non,generateurMixte,"0,003","0,83",voirTypeReseauEcs,,,"0,97",0,"0,82","0,85","0,88","0,95","0,95","0,95","0,95","0,95","0,95","0,95",249+128,249+128
pacAbsorbGazEcsEnr,PAC absorption gaz ηS ≥ 111 + production ECS avec ENR ,non,oui,,"1,4","1,05",gaz,non,x,0,"0,83","0,9",,,,,"0,82","0,85","0,95","0,95","0,95","0,95","0,95","0,95","0,95","0,9",249+128,20+128
pacAirAir,"PAC Air / Air SCOP ≥ 3,9 ",non,non,,CopPacAirAir,CopPacAirAir,electrique,non,x,0,"0,83","0,9",,,,,"0,79","0,82","0,87","0,87","0,95","0,95","0,96","0,96",1,1,0+177,0+153
appareilIndepBois,"Appareil indépendant au bois label ""Flamme verte 7*"" ",oui,non,"radiateurElec|0,1","0,7","0,7",bois,non,x,0,"0,83","0,9",,,,,"0,9","0,91","0,9","0,9","0,95","0,95","0,8","0,8",1,1,0+177,0+153
radiateurElec,Radiateur électrique ,oui,non,,1,1,electrique,non,x,0,"0,83","0,9",,,,,"0,75","0,78","0,86","0,86","0,97","0,97","0,99","0,99",1,1,0+177,0+153
[resEmetteurChauffage],****************************************************,,,,,,,,,,,,,,,,,,,,,,,,,,,
id,lib,decentralise,,,,,,,,,,,,,,,,,,,,,,,,,,
planchChauf,Emetteur plancher chauffant ,non,,,,,,,,,,,,,,,,,,,,,,,,,,
radiateurBT,Emetteur basse température ,non,,,,,,,,,,,,,,,,,,,,,,,,,,
emetMurauxExist,Emetteurs muraux existants ,non,,,,,,,,,,,,,,,,,,,,,,,,,,
ventiloConvecteur,Ventilo-convecteur,non,,,,,,,,,,,,,,,,,,,,,,,,,,
appareilIndepBois,"Appareil indépendant au bois label ""Flamme verte 7*"" ",oui,,,,,,,,,,,,,,,,,,,,,,,,,,
radiateurElec,Radiateur électrique ,oui,,,,,,,,,,,,,,,,,,,,,,,,,,
[resRegulChauffage],****************************************************,,,,,,,,,,,,,,,,,,,,,,,,,,,
id,lib,,,,,,,,,,,,,,,,,,,,,,,,,,,
vaneRegul,Vannes de régulation,,,,,,,,,,,,,,,,,,,,,,,,,,,
robinetThermosTemp,"Robinet thermostatique avec variation temporelle inférieure à 0,3 K",,,,,,,,,,,,,,,,,,,,,,,,,,,
verifAdequation,Vérification de l'adéquation des émetteurs avec la production,,,,,,,,,,,,,,,,,,,,,,,,,,,
[resRecomChauffage],****************************************************,,,,,,,,,,,,,,,,,,,,,,,,,,,
id,lib,,,,,,,,,,,,,,,,,,,,,,,,,,,
calorClasse4,"Vérifiez que le système gaz installé respecte les exigences de *<a href=""https://www.legifrance.gouv.fr/jorf/id/JORFTEXT000048193328""*>l'arrêté du 3 octobre 2023*</a*> dans son article 2, paragraphe 1°g).",,,,,,,,,,,,,,,,,,,,,,,,,,,
isolationVolNonChauffe,"Vérifiez que le devis inclue une isolation des points singuliers du réseau de chauffage et d'ECS en volume non chauffé avec une résistance d'isolant de minimum de 1,5 m².K/W pour une température de réseau de 50°C",,,,,,,,,,,,,,,,,,,,,,,,,,,
respectChaudGaz,"Vérifiez que le système gaz installé respecte les exigences de *<a href=""https://www.legifrance.gouv.fr/jorf/id/JORFTEXT000048193328""*>l'arrêté du 3 octobre 2023*</a*> dans son article 2, paragraphe 1°g).",,,,,,,,,,,,,,,,,,,,,,,,,,,
[typeEcs],"****************************************************
*   ECS
****************************************************",,,,,,,,,,,,,,,,,,,,,,,,,,,
id,lib,typeEnergie,solaire,connectChauf,methodeECS,Qp0,RdEcsInd,RdEcsCol,COPH1H2,COPH3,Rpn,pnVeil,,,,,,,,,,,,,,,,
elec,Ballon électrique,electrique,non,non,balonElec,0,"0,93","0,9",,,,,,,,,,,,,,,,,,,,
thermodynamique,Ballon thermodynamique,electrique,non,non,balonThermo,0,"0,83",voirTypeReseauEcs,"2,3","2,3",,,,,,,,,,,,,,,,,,
gazCondensation,Chauffe bain gaz à condensation,gaz,non,non,gazInstantane,"0,012","0,93","0,9",,,"0,88",120,,,,,,,,,,,,,,,,
gaz,Chauffe eau à gaz,gaz,non,non,gazInstantane,"0,012","0,93","0,9",,,"0,81",120,,,,,,,,,,,,,,,,
solaire,Ballon solaire,electrique,oui,non,x,0,"0,83","0,9",,,,,,,,,,,,,,,,,,,,
connectChaufAppointSol,Ballon solaire connecté au chauffage,electrique,oui,oui,x,0,"0,83","0,9",,,,,,,,,,,,,,,,,,,,
connectChauf,Connecté au système de chauffage,,,oui,connectChauf,0,,,,,,,,,,,,,,,,,,,,,,
[typeReseauEcs],****************************************************,,,,,,,,,,,,,,,,,,,,,,,,,,,
id,lib,RdEcsCol,,,,,,,,,,,,,,,,,,,,,,,,,,
individuel,Réseau individuel,"0,9",,,,,,,,,,,,,,,,,,,,,,,,,,
collectifIsole,Réseau collectif isolé,"0,55",,,,,,,,,,,,,,,,,,,,,,,,,,
collectifNonIsole,Réseau collectif non isolé,"0,28",,,,,,,,,,,,,,,,,,,,,,,,,,
[resTypeProdEcs],****************************************************,,,,,,,,,,,,,,,,,,,,,,,,,,,
id,lib,typeEnergie,solaire,connectChauf,methodeECS,Qp0,RdEcsInd,RdEcsCol,COPH1H2,COPH3,Rpn,pnVeil,,,,,,,,,,,,,,,,
balonElec,Ballon électrique,electrique,non,non,balonElec,0,"0,93","0,9",,,,,,,,,,,,,,,,,,,,
ballonThermo,Ballon thermodynamique,electrique,non,non,balonThermo,0,"0,93",voirTypeReseauEcs,"2,8","2,9",,,,,,,,,,,,,,,,,,
chaufCondensation,Chauffe bain à condensation ,gaz,non,non,gazInstantane,"0,01","0,93","0,9",,,"0,88",0,,,,,,,,,,,,,,,,
connectChaufAppointSol,Solution connectée au système de chauffage avec appoint solaire avec ballon,electrique,oui,oui,x,0,"0,83","0,9",,,,,,,,,,,,,,,,,,,,
connectChauf,Solution connectée au système de chauffage,,,oui,,,,,,,,,,,,,,,,,,,,,,,,
[resRecomEcs],****************************************************,,,,,,,,,,,,,,,,,,,,,,,,,,,
id,lib,,,,,,,,,,,,,,,,,,,,,,,,,,,
calorClasse4,"Vérifiez que l'entreprise prévoie un calorifugeage des réseaux hydrauliques qui respecte *<a href=""https://www.legifrance.gouv.fr/jorf/id/JORFTEXT000048193328""*>l'arrêté du 3 octobre 2023*</a*>, Si l'indication ""classe 4"" au minimum est mentionnée, alors le calorifugeage répond à cette exigence",,,,,,,,,,,,,,,,,,,,,,,,,,,
cop2_5,"Assurez-vous que le COP indiqué dans le devis est supérieur ou égal à 2,5",,,,,,,,,,,,,,,,,,,,,,,,,,,
siCETImpossible,Un ballon à effet joule est à mettre en œuvre uniquement si l'installation d'un ballon thermodynamique n'est pas possible,,,,,,,,,,,,,,,,,,,,,,,,,,,
isolBallon,Vérifiez que le devis prévoie une surisolation du ballon d'eau chaude sanitaire pour éviter les déperditions thermiques,,,,,,,,,,,,,,,,,,,,,,,,,,,
[zoneClimEte],"****************************************************
*   CLIMATISATION
****************************************************",,,,,,,,,,,,,,,,,,,,,,,,,,,
id,rClimIndInf150,rClimIndSup150,rClimColDernierEtage,rClimColAutreEtage,,,,,,,,,,,,,,,,,,,,,,,,
Ea,2,4,2,4,,,,,,,,,,,,,,,,,,,,,,,,
Eb,3,5,3,5,,,,,,,,,,,,,,,,,,,,,,,,
Ec,4,6,4,6,,,,,,,,,,,,,,,,,,,,,,,,
Ed,5,7,5,7,,,,,,,,,,,,,,,,,,,,,,,,
[typeBat],"****************************************************
*   DONNEES GENERALES
****************************************************",,,,,,,,,,,,,,,,,,,,,,,,,,,
id,lib,dureeGrandDebit,ratioTmpVentMeca,surfPorteInt,,,,,,,,,,,,,,,,,,,,,,,,
MI,Maison individuelle,14,"0,083",4,,,,,,,,,,,,,,,,,,,,,,,,
LC,Logement Collectif,28,"0,167",0,,,,,,,,,,,,,,,,,,,,,,,,
[combleHabit],****************************************************,,,,,,,,,,,,,,,,,,,,,,,,,,,
id,lib,,,,,,,,,,,,,,,,,,,,,,,,,,,
oui,Oui,,,,,,,,,,,,,,,,,,,,,,,,,,,
non,Non,,,,,,,,,,,,,,,,,,,,,,,,,,,
[genTypo],****************************************************,,,,,,,,,,,,,,,,,,,,,,,,,,,
id,lib,,,,,,,,,,,,,,,,,,,,,,,,,,,
oui,Oui,,,,,,,,,,,,,,,,,,,,,,,,,,,
non,Non,,,,,,,,,,,,,,,,,,,,,,,,,,,
[typoBat],****************************************************,,,,,,,,,,,,,,,,,,,,,,,,,,,
id,lib,,,,,,,,,,,,,,,,,,,,,,,,,,,
maisRuralAv1948,Maison rurale (av 1948),,,,,,,,,,,,,,,,,,,,,,,,,,,
maisBourgAv1948,Maison de bourg (av 1948),,,,,,,,,,,,,,,,,,,,,,,,,,,
pavBanlAv1948,Pavillon de banlieue (av 1948),,,,,,,,,,,,,,,,,,,,,,,,,,,
pavBanlRecons1948_1974,Pavillon de la reconstruction (1948-1974),,,,,,,,,,,,,,,,,,,,,,,,,,,
pav1968_1974,Pavillon (1968-1974),,,,,,,,,,,,,,,,,,,,,,,,,,,
pav1975_1985,Pavillon (1975-1985),,,,,,,,,,,,,,,,,,,,,,,,,,,
haussmanAv1948,Haussmannien (av 1948),,,,,,,,,,,,,,,,,,,,,,,,,,,
immDeBougAv1948,Immeuble de bourg (av 1948),,,,,,,,,,,,,,,,,,,,,,,,,,,
immBougeoisAv1948,Immeuble bourgeois (av 1948),,,,,,,,,,,,,,,,,,,,,,,,,,,
petitColl1948_1974,Petit collectifs (1948-1974),,,,,,,,,,,,,,,,,,,,,,,,,,,
barres1948_1974,Barres (1948-1974),,,,,,,,,,,,,,,,,,,,,,,,,,,
barres1975_1981,Barres (1975-1981),,,,,,,,,,,,,,,,,,,,,,,,,,,
echopeBordPleinPiedAv1948,Échoppe bordelaise de plain-pied (avant 1948),,,,,,,,,,,,,,,,,,,,,,,,,,,
echopeBordRP1_1948,Échoppe bordelaise en R+1 (avant 1948),,,,,,,,,,,,,,,,,,,,,,,,,,,
[choixEner],****************************************************,,,,,,,,,,,,,,,,,,,,,,,,,,,
id,lib,,,,,,,,,,,,,,,,,,,,,,,,,,,
elec,Électricité,,,,,,,,,,,,,,,,,,,,,,,,,,,
gazIndiv,Gaz individuel,,,,,,,,,,,,,,,,,,,,,,,,,,,
gazColl,Gaz collectif,,,,,,,,,,,,,,,,,,,,,,,,,,,
fioulIndiv,Fioul individuel,,,,,,,,,,,,,,,,,,,,,,,,,,,
fioulColl,Fioul collectif,,,,,,,,,,,,,,,,,,,,,,,,,,,
urbain,Urbain,,,,,,,,,,,,,,,,,,,,,,,,,,,
[mitoyen],"****************************************************
*   DONNEES BATIMENT
****************************************************",,,,,,,,,,,,,,,,,,,,,,,,,,,
id,lib,coefSurfMur,coefProtecE,coefProtecF,,,,,,,,,,,,,,,,,,,,,,,,
isole,Isolé,1,"0,07",15,,,,,,,,,,,,,,,,,,,,,,,,
1pignon,Mitoyen sur 1 pignon,"0,75","0,07",15,,,,,,,,,,,,,,,,,,,,,,,,
2pignons,Mitoyen sur 2 pignons,"0,5","0,02",20,,,,,,,,,,,,,,,,,,,,,,,,
[formeBat],****************************************************,,,,,,,,,,,,,,,,,,,,,,,,,,,
id,lib,coefFor,coefPerimetreToit_L1+L2,,,,,,,,,,,,,,,,,,,,,,,,,
simple,Simple,"4,12","1,14",,,,,,,,,,,,,,,,,,,,,,,,,
moyen,Moyenne,"4,81","1,1",,,,,,,,,,,,,,,,,,,,,,,,,
complexe,Complexe,"5,71","1,07",,,,,,,,,,,,,,,,,,,,,,,,,
[orientationBat],****************************************************,,,,,,,,,,,,,,,,,,,,,,,,,,,
id,lib,coefOriFen_batIsole,coefOriFen_batMitoyen,coefOriFen_fenDeToit,,,,,,,,,,,,,,,,,,,,,,,,
est,Est,"0,58","0,57","0,75",,,,,,,,,,,,,,,,,,,,,,,,
ouest,Ouest,"0,58","0,57","0,75",,,,,,,,,,,,,,,,,,,,,,,,
sud,Sud,"0,8","0,81","1,2",,,,,,,,,,,,,,,,,,,,,,,,
nord,Nord,"0,41","0,41","1,2",,,,,,,,,,,,,,,,,,,,,,,,
[anneeConstr],****************************************************,,,,,,,,,,,,,,,,,,,,,,,,,,,
id,lib,hsp,bMurIntColl,uPorteInt,coefPT,Q4paconv_m2_col,Q4paconv_m2_ind,InetrieSansIti,inertieAvecIti,,,,,,,,,,,,,,,,,,,
av1948,1948 ou avant,"2,8","0,45",3,"0,05","4,6","3,3",lourde,moyenne,,,,,,,,,,,,,,,,,,,
ap1949,Entre 1949 et 1974,"2,75","0,5",3,"0,08",2,"2,2",lourde,moyenne,,,,,,,,,,,,,,,,,,,
ap1975,Entre 1975 et 1981,"2,75","0,3","2,5","0,1","1,5","1,9",moyenne,moyenne,,,,,,,,,,,,,,,,,,,
ap1982,Entre 1982 et 1989,"2,7","0,25","2,5","0,1","1,5","1,9",moyenne,moyenne,,,,,,,,,,,,,,,,,,,
ap1990,Entre 1990 et 2000,"2,7","0,15",2,"0,1","1,5","1,9",moyenne,moyenne,,,,,,,,,,,,,,,,,,,
ap2001,Entre 2001 et 2011,"2,5","0,1",2,"0,15","1,5","1,9",moyenne,moyenne,,,,,,,,,,,,,,,,,,,
ap2012,2012 ou après,"2,5","0,05","1,5","0,2",1,"0,6",moyenne,moyenne,,,,,,,,,,,,,,,,,,,
[moi],"****************************************************
*   AUTRES DONNEES
****************************************************",,,,,,,,,,,,,,,,,,,,,,,,,,,
id,lib,nbJourOccup,hEcl_H1a,hEcl_H1b,hEcl_H1c,hEcl_H2a,hEcl_H2b,hEcl_H2c,hEcl_H2d,hEcl_H3,,,,,,,,,,,,,,,,,,
1,Janvier,31,7,7,7,7,7,7,7,7,,,,,,,,,,,,,,,,,,
2,Février,28,7,7,7,7,7,7,7,7,,,,,,,,,,,,,,,,,,
3,Mars,31,7,7,7,7,7,7,7,7,,,,,,,,,,,,,,,,,,
4,Avril,30,6,5,5,6,6,6,6,6,,,,,,,,,,,,,,,,,,
5,Mai,31,4,3,4,4,4,4,4,5,,,,,,,,,,,,,,,,,,
6,Juin,30,3,3,4,3,4,4,3,3,,,,,,,,,,,,,,,,,,
7,Juillet,31,3,3,4,3,4,4,4,4,,,,,,,,,,,,,,,,,,
8,Août,31,5,5,5,5,4,6,5,5,,,,,,,,,,,,,,,,,,
9,Septembre,30,6,6,7,6,6,6,6,6,,,,,,,,,,,,,,,,,,
10,Octobre,31,7,7,7,7,7,7,7,7,,,,,,,,,,,,,,,,,,
11,Novembre,30,7,7,7,7,7,7,7,7,,,,,,,,,,,,,,,,,,
12,Décembre,24,7,7,7,7,7,7,7,7,,,,,,,,,,,,,,,,,,
[typeEnergie],****************************************************,,,,,,,,,,,,,,,,,,,,,,,,,,,
id,coefEfEp,coefGES,coutEf,,,,,,,,,,,,,,,,,,,,,,,,,
urbain,1,"0,172","0,068",,,,,,,,,,,,,,,,,,,,,,,,,
fioul,1,"0,324","0,091",,,,,,,,,,,,,,,,,,,,,,,,,
gaz,1,"0,227","0,061",,,,,,,,,,,,,,,,,,,,,,,,,
electrique,"2,3","0,079","0,156",,,,,,,,,,,,,,,,,,,,,,,,,
bois,"0,6","0,03","0,059",,,,,,,,,,,,,,,,,,,,,,,,,
[zoneClim],****************************************************,,,,,,,,,,,,,,,,,,,,,,,,,,,
id,Fch,FecsInd,FecsCol,CopPacAirAir,CopPacAirEau,TbaseInf400,TbaseSup400inf800,TbaseSup800,coefBBC,,,,,,,,,,,,,,,,,,,
H1a,"0,25","0,63","0,38",3,"2,8","-9,5","-11,5","-13,5","1,3",,,,,,,,,,,,,,,,,,,
H1b,"0,22","0,64","0,4",3,"2,8","-9,5","-11,5","-13,5","1,3",,,,,,,,,,,,,,,,,,,
H1c,"0,28","0,68","0,45",3,"2,8","-9,5","-11,5","-13,5","1,2",,,,,,,,,,,,,,,,,,,
H2a,"0,34","0,66","0,41",3,"2,8","-6,5","-8,5","-10,5","1,1",,,,,,,,,,,,,,,,,,,
H2b,"0,33","0,69","0,46",3,"2,8","-6,5","-8,5","-10,5",1,,,,,,,,,,,,,,,,,,,
H2c,"0,38","0,74","0,5",3,"2,8","-6,5","-8,5","-10,5","0,9",,,,,,,,,,,,,,,,,,,
H2d,"0,39","0,77","0,56",3,"2,8","-6,5","-8,5","-10,5","0,9",,,,,,,,,,,,,,,,,,,
H3,"0,52","0,8","0,58","3,3","3,2","-3,5","-5,5","-7,5","0,8",,,,,,,,,,,,,,,,,,,
[dpeCep],****************************************************,,,,,,,,,,,,,,,,,,,,,,,,,,,
id,zoneClim,>=alt,<cep,classeCEP,,,,,,,,,,,,,,,,,,,,,,,,
1,*,*,70,A,,,,,,,,,,,,,,,,,,,,,,,,
2,*,*,110,B,,,,,,,,,,,,,,,,,,,,,,,,
3,*,*,180,C,,,,,,,,,,,,,,,,,,,,,,,,
4,*,*,250,D,,,,,,,,,,,,,,,,,,,,,,,,
5,"H1b,H1c,H2d",800,390,E,,,,,,,,,,,,,,,,,,,,,,,,
6,"H1b,H1c,H2d",800,500,F,,,,,,,,,,,,,,,,,,,,,,,,
7,"H1b,H1c,H2d",800,*,G,,,,,,,,,,,,,,,,,,,,,,,,
8,*,*,330,E,,,,,,,,,,,,,,,,,,,,,,,,
9,*,*,420,F,,,,,,,,,,,,,,,,,,,,,,,,
10,*,*,*,G,,,,,,,,,,,,,,,,,,,,,,,,
[dpeGes],****************************************************,,,,,,,,,,,,,,,,,,,,,,,,,,,
id,zoneClim,>=alt,<ges,classeGES,,,,,,,,,,,,,,,,,,,,,,,,
1,*,*,6,A,,,,,,,,,,,,,,,,,,,,,,,,
2,*,*,11,B,,,,,,,,,,,,,,,,,,,,,,,,
3,*,*,30,C,,,,,,,,,,,,,,,,,,,,,,,,
4,*,*,55,D,,,,,,,,,,,,,,,,,,,,,,,,
5,"H1b,H1c,H2d",800,80,E,,,,,,,,,,,,,,,,,,,,,,,,
6,"H1b,H1c,H2d",800,110,F,,,,,,,,,,,,,,,,,,,,,,,,
7,"H1b,H1c,H2d",800,*,G,,,,,,,,,,,,,,,,,,,,,,,,
8,*,*,70,E,,,,,,,,,,,,,,,,,,,,,,,,
9,*,*,100,F,,,,,,,,,,,,,,,,,,,,,,,,
10,*,*,*,G,,,,,,,,,,,,,,,,,,,,,,,,
[usagesRt],****************************************************,,,,,,,,,,,,,,,,,,,,,,,,,,,
id,lib,,,,,,,,,,,,,,,,,,,,,,,,,,,
chauffage,Chauffage,,,,,,,,,,,,,,,,,,,,,,,,,,,
ecs,Eau chaude sanitaire,,,,,,,,,,,,,,,,,,,,,,,,,,,
clim,Refroidissement,,,,,,,,,,,,,,,,,,,,,,,,,,,
eclairage,Eclairage,,,,,,,,,,,,,,,,,,,,,,,,,,,
auxetvent,Auxiliaires,,,,,,,,,,,,,,,,,,,,,,,,,,,
[ficheAdeme],****************************************************,,,,,,,,,,,,,,,,,,,,,,,,,,,
id,lib,url,,,,,,,,,,,,,,,,,,,,,,,,,,
3,Isolation des murs par l'intérieur avant isolation des combles perdus,https://www.bbc-par-etapes.fr/images/fiches/ademe-guide-03-iti_avant_cp_faux_plafond.pdf,,,,,,,,,,,,,,,,,,,,,,,,,,
4,Isolation des combles perdus avec plancher béton avant isolation des murs par l'intérieur ,https://www.bbc-par-etapes.fr/images/fiches/ademe-guide-04-icp_avant_iti.pdf,,,,,,,,,,,,,,,,,,,,,,,,,,
5,Isolation des combles perdus avec faux plafond avant isolation des murs par l'intérieur,https://www.bbc-par-etapes.fr/images/fiches/ademe-guide-05-icp_fp_avant_iti.pdf,,,,,,,,,,,,,,,,,,,,,,,,,,
6,Isolation des murs par l'intérieur avant isolation des rampants,https://www.bbc-par-etapes.fr/images/fiches/ademe-guide-06-iti_avant_ir.pdf,,,,,,,,,,,,,,,,,,,,,,,,,,
7,Isolation des rampants avant isolation des murs par l'intérieur,https://www.bbc-par-etapes.fr/images/fiches/ademe-guide-07-ir_avant_iti.pdf,,,,,,,,,,,,,,,,,,,,,,,,,,
8,Isolation des murs par l'intérieur avant isolation de la toiture par l'extérieur (sarking),https://www.bbc-par-etapes.fr/images/fiches/ademe-guide-08-iti_avant_sarking.pdf,,,,,,,,,,,,,,,,,,,,,,,,,,
9,Isolation de la toiture par l’extérieur avant isolation des murs par l’intérieur,https://www.bbc-par-etapes.fr/images/fiches/ademe-guide-09-sarking_avant_iti.pdf,,,,,,,,,,,,,,,,,,,,,,,,,,
10,Isolation des murs par l'extérieur avant isolation des combles perdus - Débord de toit suffisant,https://www.bbc-par-etapes.fr/images/fiches/ademe-guide-10-ite_avant_cp.pdf,,,,,,,,,,,,,,,,,,,,,,,,,,
11,Isolation des murs par l'extérieur avant isolation des combles perdus - Débord de toit maçonné,https://www.bbc-par-etapes.fr/images/fiches/ademe-guide-11-ite_avant_cp_toit_maconne.pdf,,,,,,,,,,,,,,,,,,,,,,,,,,
12,Isolation des combles perdus avant isolation des murs par l'extérieur,https://www.bbc-par-etapes.fr/images/fiches/ademe-guide-12-cp_avant_ite.pdf,,,,,,,,,,,,,,,,,,,,,,,,,,
13,Isolation des murs par l'extérieur avant isolation des rampants - Débord de toit suffisant,https://www.bbc-par-etapes.fr/images/fiches/ademe-guide-13-ite_avant_rampants.pdf,,,,,,,,,,,,,,,,,,,,,,,,,,
14,Isolation des murs par l'extérieur avant isolation des rampants - Débord de toit maçonné,https://www.bbc-par-etapes.fr/images/fiches/ademe-guide-14-ite_avant_rampants_toit_maconne.pdf,,,,,,,,,,,,,,,,,,,,,,,,,,
15,Isolation des murs par l'extérieur avant isolation des rampants - Cas d'une toiture en appui sur un mur extérieur,https://www.bbc-par-etapes.fr/images/fiches/ademe-guide-15-ite_avant_rampants_toit_mur_ext.pdf,,,,,,,,,,,,,,,,,,,,,,,,,,
16,Isolation des rampants avant isolation des murs par l'extérieur,https://www.bbc-par-etapes.fr/images/fiches/ademe-guide-16-rampants_avant_ite.pdf,,,,,,,,,,,,,,,,,,,,,,,,,,
17,Isolation des rampants avant isolation des murs par l'extérieur - Débord de toiture maçonné,https://www.bbc-par-etapes.fr/images/fiches/ademe-guide-17-rampants_avant_ite_toiture_maconne.pdf,,,,,,,,,,,,,,,,,,,,,,,,,,
18,Isolation des rampants avant isolation des murs par l'extérieur - Cas d'une toiture en appui sur un mur extérieur,https://www.bbc-par-etapes.fr/images/fiches/ademe-guide-18-rampants_avant_ite_toiture_mur_ext.pdf,,,,,,,,,,,,,,,,,,,,,,,,,,
19,Isolation des murs par l'extérieur avant isolation de la toiture par l'extérieur (sarking),https://www.bbc-par-etapes.fr/images/fiches/ademe-guide-19-ite_avant_sarking.pdf,,,,,,,,,,,,,,,,,,,,,,,,,,
20,Isolation des murs par l'extérieur avant isolation de la toiture par l'extérieur (sarking) - débord de toiture insuffisant et utilisation d'une couvertine,https://www.bbc-par-etapes.fr/images/fiches/ademe-guide-20-ite_avant_sarking_couvertine.pdf,,,,,,,,,,,,,,,,,,,,,,,,,,
21,Isolation des murs par l'extérieur avant isolation de la toiture par l'extérieur (sarking) - Avec prolongement de toiture,https://www.bbc-par-etapes.fr/images/fiches/ademe-guide-21-ite_avant_sarking_prol_toiture.pdf,,,,,,,,,,,,,,,,,,,,,,,,,,
22,Isolation des murs par l'extérieur avant isolation de la toiture par l'extérieur (sarking) - Débord de toiture maçonné ,https://www.bbc-par-etapes.fr/images/fiches/ademe-guide-22-ite_avant_sarking_toiture_maconne.pdf,,,,,,,,,,,,,,,,,,,,,,,,,,
23,Isolation de la toiture par l'extérieur avant isolation des murs par l'extérieur,https://www.bbc-par-etapes.fr/images/fiches/ademe-guide-23-sarking_avant_ite.pdf,,,,,,,,,,,,,,,,,,,,,,,,,,
24,Isolation de la toiture par l'extérieur (sarking) avec débord de toit insuffisant avant isolation des murs par l'extérieur,https://www.bbc-par-etapes.fr/images/fiches/ademe-guide-24-sarking_avant_toit_insuf_avant_ite.pdf,,,,,,,,,,,,,,,,,,,,,,,,,,
25,Isolation de la toiture par l'extérieur (sarking) avant isolation du mur par l'extérieur - Cas d'une toiture en appui sur un mur extérieur,https://www.bbc-par-etapes.fr/images/fiches/ademe-guide-25-sarking_avant_ite_toiture_mur_ext.pdf,,,,,,,,,,,,,,,,,,,,,,,,,,
26,Isolation des murs par l'intérieur avant remplacement des menuiseries -  Cas d'une pose en applique intérieure,https://www.bbc-par-etapes.fr/images/fiches/ademe-guide-26-iti_avant_menuiseries.pdf,,,,,,,,,,,,,,,,,,,,,,,,,,
27,Isolation des murs par l'intérieur avant remplacement des menuiseries extérieures - Pose en tunnel,https://www.bbc-par-etapes.fr/images/fiches/ademe-guide-27-iti_avant_menuiseries_ext.pdf,,,,,,,,,,,,,,,,,,,,,,,,,,
28,Remplacement des menuiseries extérieures avant isolation des murs par l'intérieur - Pose en applique intérieure,https://www.bbc-par-etapes.fr/images/fiches/ademe-guide-28-menuiseries_ext_avant_iti.pdf,,,,,,,,,,,,,,,,,,,,,,,,,,
29,Remplacement des menuiseries extérieures avant isolation des murs par l'intérieur - Pose en tunnel,https://www.bbc-par-etapes.fr/images/fiches/ademe-guide-29-menuiseries_ext_avant_iti_tunnel.pdf,,,,,,,,,,,,,,,,,,,,,,,,,,
30,Isolation des murs par l'extérieur avant remplacement des menuiseries - Pose en applique intérieure et volet roulant extérieur,https://www.bbc-par-etapes.fr/images/fiches/ademe-guide-30-ite_avant_menuiseries.pdf,,,,,,,,,,,,,,,,,,,,,,,,,,
31,Isolation des murs par l'extérieur avant remplacement des menuiseries extérieures - Pose en tunnel et volets battants,https://www.bbc-par-etapes.fr/images/fiches/ademe-guide-31-ite_avant_menuiseries_ext.pdf,,,,,,,,,,,,,,,,,,,,,,,,,,
32,Remplacement des menuiseries extérieures avant isolation des murs par l'extérieur - Menuiseries en applique intérieure et volet roulant extérieur,https://www.bbc-par-etapes.fr/images/fiches/ademe-guide-32-menuiseries_ext_avant_ite.pdf,,,,,,,,,,,,,,,,,,,,,,,,,,
33,Remplacement des menuiseries extérieures avant isolation des murs par l'extérieur - Menuiseries posées en tunnel et volets battants,https://www.bbc-par-etapes.fr/images/fiches/ademe-guide-33-menuiseries_ext_avant_ite_tunnel.pdf,,,,,,,,,,,,,,,,,,,,,,,,,,
34,Isolation des murs par l'intérieur avant isolation du plancher bas sous chape,https://www.bbc-par-etapes.fr/images/fiches/ademe-guide-34-iti_avant_plancher_bas_sous_chape.pdf,,,,,,,,,,,,,,,,,,,,,,,,,,
35,Isolation du plancher bas sous chape avant isolation des murs par l'intérieur,https://www.bbc-par-etapes.fr/images/fiches/ademe-guide-35-plancher_bas_sous_chape_avant_iti.pdf,,,,,,,,,,,,,,,,,,,,,,,,,,
36,Isolation des murs par l'intérieur avant isolation périphérique du plancher bas ,https://www.bbc-par-etapes.fr/images/fiches/ademe-guide-36-iti_avant_iso_periph_plancher_bas.pdf,,,,,,,,,,,,,,,,,,,,,,,,,,
37,Isolation périphérique du plancher bas avant isolation des murs par l'intérieur,https://www.bbc-par-etapes.fr/images/fiches/ademe-guide-37-iso_periph_plancher_bas_avant_iti.pdf,,,,,,,,,,,,,,,,,,,,,,,,,,
38,Isolation des murs par l'extérieur avant isolation du plancher bas en sous-face et sous chape,https://www.bbc-par-etapes.fr/images/fiches/ademe-guide-38-ite_avant_plancher_bas_ss_face_ss_chape.pdf,,,,,,,,,,,,,,,,,,,,,,,,,,
39,Isolation des murs par l'extérieur avant isolation périphérique du plancher bas,https://www.bbc-par-etapes.fr/images/fiches/ademe-guide-39-ite_avant_iso_periph_plancher_bas.pdf,,,,,,,,,,,,,,,,,,,,,,,,,,
40,Isolation périphérique du plancher bas avant isolation des murs par l'extérieur,https://www.bbc-par-etapes.fr/images/fiches/ademe-guide-40-iso_periph_plancher_bas_avant_ite.pdf,,,,,,,,,,,,,,,,,,,,,,,,,,
41,Isolation des murs par l'intérieur avant installation d'une ventilation,https://www.bbc-par-etapes.fr/images/fiches/ademe-guide-41-iti_avant_ventil.pdf,,,,,,,,,,,,,,,,,,,,,,,,,,
42,Isolation des murs par l'extérieur avant amélioration de la ventilation,https://www.bbc-par-etapes.fr/images/fiches/ademe-guide-42-ite_avant_ventil.pdf,,,,,,,,,,,,,,,,,,,,,,,,,,
43,Isolation des murs par l'intérieur avant remplacement du système de chauffage - Radiateurs à eau chaude,https://www.bbc-par-etapes.fr/images/fiches/ademe-guide-43-iti_avant_chauffage.pdf,,,,,,,,,,,,,,,,,,,,,,,,,,
44,Isolation des murs par l'intérieur avant remplacement du poêle à bois,https://www.bbc-par-etapes.fr/images/fiches/ademe-guide-44-iti_avant_poele_bois.pdf,,,,,,,,,,,,,,,,,,,,,,,,,,
45,Isolation des murs par l'intérieur avant remplacement des radiateurs électriques,https://www.bbc-par-etapes.fr/images/fiches/ademe-guide-45-iti_avant_radiateurs_elec.pdf,,,,,,,,,,,,,,,,,,,,,,,,,,
46,Remplacement de la chaudière ou de la pompe à chaleur avant isolation des murs par l'intérieur,https://www.bbc-par-etapes.fr/images/fiches/ademe-guide-46-rempl_chaudiere_pac_avant_iti.pdf,,,,,,,,,,,,,,,,,,,,,,,,,,
47,Remplacement du poêle à bois avant isolation des murs par l'intérieur,https://www.bbc-par-etapes.fr/images/fiches/ademe-guide-47-rempl_poele_avant_iti.pdf,,,,,,,,,,,,,,,,,,,,,,,,,,
48,Remplacement des radiateurs électriques avant isolation des murs par l'intérieur,https://www.bbc-par-etapes.fr/images/fiches/ademe-guide-48-rempl_radiateurs_elec_avant_iti.pdf,,,,,,,,,,,,,,,,,,,,,,,,,,
49,Remplacement de la chaudière avant isolation des murs par l'extérieur,https://www.bbc-par-etapes.fr/images/fiches/ademe-guide-49-rempl_chaudiere_avant_ite.pdf,,,,,,,,,,,,,,,,,,,,,,,,,,
50,Remplacement de la pompe à chaleur avant isolation des murs par l'extérieur,https://www.bbc-par-etapes.fr/images/fiches/ademe-guide-50-rempl_pac_avant_ite.pdf,,,,,,,,,,,,,,,,,,,,,,,,,,
51,Isolation des murs par l'extérieur avant installation d'un poêle à bois,https://www.bbc-par-etapes.fr/images/fiches/ademe-guide-51-ite_avant_poele_bois.pdf,,,,,,,,,,,,,,,,,,,,,,,,,,
52,Installation d'un poêle à bois avant isolation des murs par l'extérieur,https://www.bbc-par-etapes.fr/images/fiches/ademe-guide-52-poele_bois_avant_ite.pdf,,,,,,,,,,,,,,,,,,,,,,,,,,
53,Isolation de la toiture (par l'intérieur ou l'extérieur) avant remplacement des fenêtres de toit,https://www.bbc-par-etapes.fr/images/fiches/ademe-guide-53-iso_toiture_avant_velux.pdf,,,,,,,,,,,,,,,,,,,,,,,,,,
54,Remplacement des fenêtres de toit avant isolation de la toiture par l'extérieur,https://www.bbc-par-etapes.fr/images/fiches/ademe-guide-54-velux_avant_iso_toiture_ext.pdf,,,,,,,,,,,,,,,,,,,,,,,,,,
55,Remplacement des fenêtres de toit avant isolation de la toiture par l'intérieur,https://www.bbc-par-etapes.fr/images/fiches/ademe-guide-55-velux_avant_iso_toiture_int.pdf,,,,,,,,,,,,,,,,,,,,,,,,,,
56,Isolation des combles perdus avant pose d'un réseau de ventilation en combles,https://www.bbc-par-etapes.fr/images/fiches/ademe-guide-56-iso_cp_avant_ventil_combles.pdf,,,,,,,,,,,,,,,,,,,,,,,,,,
57,Isolation de la toiture par l'intérieur avant installation d'une ventilation,https://www.bbc-par-etapes.fr/images/fiches/ademe-guide-57-iso_toiture_int_avant_ventil.pdf,,,,,,,,,,,,,,,,,,,,,,,,,,
58,Isolation de la toiture par l'extérieur (sarking) avant installation d'une ventilation,https://www.bbc-par-etapes.fr/images/fiches/ademe-guide-58-sarking_avant_ventil.pdf,,,,,,,,,,,,,,,,,,,,,,,,,,
59,Isolation de la toiture avant installation d'un poêle à bois,https://www.bbc-par-etapes.fr/images/fiches/ademe-guide-59-iso_toiture_avant_poele_bois.pdf,,,,,,,,,,,,,,,,,,,,,,,,,,
60,Remplacement des menuiseries extérieures avant isolation du plancher bas sous chape,https://www.bbc-par-etapes.fr/images/fiches/ademe-guide-60-menuiseries_ext_avant_iso_plancher_bas.pdf,,,,,,,,,,,,,,,,,,,,,,,,,,
61,Remplacement des menuiseries extérieures avant installation d'une ventilation mécanique ,https://www.bbc-par-etapes.fr/images/fiches/ademe-guide-61-menuiseries_ext_avant_vmc.pdf,,,,,,,,,,,,,,,,,,,,,,,,,,
62,Remplacement des menuiseries extérieures avant remplacement de la ventilation mécanique existante,https://www.bbc-par-etapes.fr/images/fiches/ademe-guide-62-menuiseries_ext_avant_vmc_existante.pdf,,,,,,,,,,,,,,,,,,,,,,,,,,
63,Remplacement des menuiseries avant amélioration du système de chauffage à eau chaude ,https://www.bbc-par-etapes.fr/images/fiches/ademe-guide-63-menuiseries_avant_scec.pdf,,,,,,,,,,,,,,,,,,,,,,,,,,
64,Remplacement des menuiseries extérieures avant remplacement d'un poêle à bois,https://www.bbc-par-etapes.fr/images/fiches/ademe-guide-64-menuiseries_ext_avant_poele_bois.pdf,,,,,,,,,,,,,,,,,,,,,,,,,,
65,Isolation du plancher bas sous chape avant amélioration du système de production de chauffage à eau chaude,https://www.bbc-par-etapes.fr/images/fiches/ademe-guide-65-iso_plancher_bas_ss_chape_avant_scec.pdf,,,,,,,,,,,,,,,,,,,,,,,,,,
66,Isolation du plancher bas sous dalle avant amélioration du système de production de chauffage - Circuit de radiateurs à eau chaude,https://www.bbc-par-etapes.fr/images/fiches/ademe-guide-66-iso_plancher_bas_ss_dalle_avant_scec.pdf,,,,,,,,,,,,,,,,,,,,,,,,,,
67,Remplacement du système production de chauffage à eau chaude avant isolation du plancher bas,https://www.bbc-par-etapes.fr/images/fiches/ademe-guide-67-scec_avant_iso_plancher_bas.pdf,,,,,,,,,,,,,,,,,,,,,,,,,,
68,Isolation du plancher bas en sous-face avant remplacement du poêle à bois,https://www.bbc-par-etapes.fr/images/fiches/ademe-guide-68-iso_plancher_bas_ss_face_avant_poele_bois.pdf,,,,,,,,,,,,,,,,,,,,,,,,,,
69,Installation d'un poêle à bois avant isolation du plancher bas,https://www.bbc-par-etapes.fr/images/fiches/ademe-guide-69-poele_bois_avant_iso_plancher_bas.pdf,,,,,,,,,,,,,,,,,,,,,,,,,,
70,Remplacement du système de chauffage avant toute autre action de rénovation,https://www.bbc-par-etapes.fr/images/fiches/ademe-guide-70-chauffage_avant_tt_action_reno.pdf,,,,,,,,,,,,,,,,,,,,,,,,,,
71,Remplacement des radiateurs électriques avant toute autre action de rénovation,https://www.bbc-par-etapes.fr/images/fiches/ademe-guide-71-radiateurs_elec_avant_tt_action_reno.pdf,,,,,,,,,,,,,,,,,,,,,,,,,,
[tabRecap],"****************************************************
*  Tableaux Récapitulatifs
****************************************************",,,,,,,,,,,,,,,,,,,,,,,,,,,
id,lib,unite,,,,,,,,,,,,,,,,,,,,,,,,,,
cep,CEP,kWhEP/(m²SHON.an),,,,,,,,,,,,,,,,,,,,,,,,,,
ges,Emissions CO2,kgCO2eq/(m²SHON.an),,,,,,,,,,,,,,,,,,,,,,,,,,
cef,CEF,kWhEF/(m²SHON.an),,,,,,,,,,,,,,,,,,,,,,,,,,
cep164,CEP,kWhEP/(m²SHAB.an),,,,,,,,,,,,,,,,,,,,,,,,,,
ges164,Emissions CO2,kgCO2eq/(m²SHAB.an),,,,,,,,,,,,,,,,,,,,,,,,,,
cef164,CEF,kWhEF/(m²SHAB.an),,,,,,,,,,,,,,,,,,,,,,,,,,
shon,SHON,m²,,,,,,,,,,,,,,,,,,,,,,,,,,
shab,SHAB,m²,,,,,,,,,,,,,,,,,,,,,,,,,,
crit1cepInf330,Critère 1 : < 330 kWhEP/m²SHAB.an,,,,,,,,,,,,,,,,,,,,,,,,,,,
crit2gain30,Critère 2 : 30 % de gain,,,,,,,,,,,,,,,,,,,,,,,,,,,
bbcAtteint,Niveau BBC Atteint,,,,,,,,,,,,,,,,,,,,,,,,,,,
etiqCep,Etiquette Energie,,,,,,,,,,,,,,,,,,,,,,,,,,,
etiqGes,Etiquette GES,,,,,,,,,,,,,,,,,,,,,,,,,,,
crit1cepInf331,Critère 1 : < 331 kWhEP/m²SHAB.an,,,,,,,,,,,,,,,,,,,,,,,,,,,
crit2gain35,Critère 2 : 35 % de gain,,,,,,,,,,,,,,,,,,,,,,,,,,,
crit2gain55,Critère 2 : 55 % de gain,,,,,,,,,,,,,,,,,,,,,,,,,,,
crit3GesSup,Critère 3 : GES avant < GES après,,,,,,,,,,,,,,,,,,,,,,,,,,,
